<!-- src/com/example/util/hibernate.cfg.xml -->
<?xml version="1.0" encoding="utf-8"?>
<!DOCTYPE hibernate-configuration PUBLIC "-//Hibernate/Hibernate Configuration DTD 3.0//EN"
        "http://hibernate.sourceforge.net/hibernate-configuration-3.0.dtd">

<hibernate-configuration>
    <!-- Your existing Hibernate configuration properties -->

    <!-- Enable Hibernate logging through Log4j -->
    <property name="hibernate.show_sql">true</property>
    <property name="hibernate.format_sql">true</property>
    <property name="hibernate.use_sql_comments">true</property>

    <property name="hibernate.hbm2ddl.auto">update</property>

    <!-- Log4j Configuration -->
    <property name="hibernate.connection.provider_class">
        org.hibernate.hikaricp.internal.HikariCPConnectionProvider
    </property>
    <property name="hibernate.hikari.dataSourceClassName">
        com.mysql.cj.jdbc.MysqlDataSource
    </property>
    <!-- ... other connection properties ... -->

    <!-- Set the Log4j2 Logger for Hibernate -->
    <property name="hibernate.connection.datasource">java:/comp/env/jdbc/mydatasource</property>
</hibernate-configuration>
